{"cameraMode":{"drawMode":0,"name":"Shaded","section":"Shading Mode"},"sceneLighting":false,"audioPlay":false,"sceneViewState":{"m_AlwaysRefresh":false,"showFog":false,"showSkybox":false,"showFlares":false,"showImageEffects":true,"showParticleSystems":true,"showVisualEffectGraphs":true,"m_FxEnabled":true},"in2DMode":false,"pivot":{"x":3.1630001068115236,"y":1.6069999933242798,"z":0.4620000123977661},"rotation":{"x":-0.0005878689116798341,"y":0.984168291091919,"z":-0.17725884914398194,"w":-0.003251036163419485},"size":0.25980767607688906,"orthographic":false}